Douglas Alves; douglasalves@gmail.com; (22)90459-0098
João de oliveira; João@gmail.com;(85)93223-4244
zeca de sousa; zeca@gmail.com;(85)96453-7123
José Ribeiro;zebeiro@gmail.com;555649731
Gabriela;gabi123@gmail.com;2298846546
diogo;GrandeD@gmail.com;226446648
Barry Allen;rapidaodoraio@gmail.com;555649731
diorge;trouxinha@gmail.com;2205444964
pedro;pedrinho02@gmail.com;6545156
carolina;carolzinha321@gmail.com;22956464
Diana;WoWo@gmail.com;654894
Gui;Gui@gmail.com;25464
Joceli;joce@gmail.com;123132121
